{
    "alias": "print-templ",
    "version": "1.1",
    "description": "",
    "keywords": [],
    "active": 1,
    "order": 0,
    "providers": [
        "Modules\\PrintTempl\\Providers\\Main",
        "Modules\\PrintTempl\\Providers\\Event"
    ],
    "aliases": {},
    "files": [],
    "requires": [],
    "global_fields":[{
        "separator":"Print Templ",
        "title": "ConvertAPI.com API secret",
        "key": "CONVERT_API_SECRET",
        "ftype": "input",
        "type": "text",
        "value":"",
        "placeholder": "Enter ConvertAPI.com API secret"
    }],
    "vendor_fields":[{
        "separator":"Print Templ",
        "title": "Print Templ Token",
        "key": "print_templ_key",
        "ftype": "input",
        "type": "text",
        "value":"",
        "placeholder": "Enter PrintTempl.com.com Token"
    },{
        "title": "Main thermal printer ID",
        "key": "print_templ_main_thermal_id",
        "ftype": "input",
        "type": "text",
        "value":"",
        "placeholder": "Enter PrintTempl.com printer ID "
    },{
        "title": "Kitchen thermal printer ID",
        "key": "print_templ_kitchen_thermal_id",
        "ftype": "input",
        "type": "text",
        "value":"",
        "placeholder": "Enter PrintTempl.com printer ID "
    },{
        "title": "Standard printer ID",
        "key": "print_templ_standard_id",
        "ftype": "input",
        "type": "text",
        "value":"",
        "placeholder": "Enter PrintTempl.com printer ID for A4 Invoices printing"
    },{
        "title":"Print A4 Standard order when", 
        "key":"printtempl_print_afour_when", 
        "value":"order_received",
        "ftype":"select",
        "data":{
            "restaurant_approve":"We accept the order",
            "order_received":"On order received"
        }
    },{
        "title":"Print on main thermal printer when", 
        "key":"printtempl_print_main_thermal_when", 
        "value":"restaurant_approve",
        "ftype":"select",
        "data":{
            "restaurant_approve":"We accept the order",
            "order_received":"On order received"
        }
    },{
        "title":"Print on kitchen thermal printer when", 
        "key":"printtempl_print_kitchen_thermal_when", 
        "value":"restaurant_approve",
        "ftype":"select",
        "data":{
            "restaurant_approve":"We accept the order",
            "order_received":"On order received"
        }
    }]
}
