{
    "alias": "stripelinks",
    "description": "",
    "keywords": [],
    "isPaymentModule":true,
    "active": 1,
    "order": 0,
    "providers": [
        "Modules\\Stripelinks\\Providers\\Main"
    ],
    "aliases": {},
    "files": [],
    "requires": [],
    "global_fields":[],
    "vendor_fields":[{
        "separator":"Stripe link configuration",
        "title": "Enable Stripe checkout for payments when ordering",
        "key": "stripelinks_enable",
        "ftype": "bool",
        "value":false,
        "onlyin":"qrsaas"
    }]
}
